State,Year,GDP_Education_Percentage
Gujarat,2005,5.3
Chhattisgarh,2016,6.08
Gujarat,2016,6.08
Jharkhand,2014,7.68
Gujarat,2018,6.9
Uttar Pradesh,2018,5.5
Rajasthan,2007,7.9
Tamil Nadu,2008,5.23
Rajasthan,2016,6.77
Jharkhand,2020,5.73
Madhya Pradesh,2022,8.29
Assam,2017,8.56
Bihar,2023,8.99
Rajasthan,2007,4.4
Assam,2004,7.15
Maharashtra,2008,6.1
Chhattisgarh,2003,7.88
Odisha,2001,5.7
Madhya Pradesh,2011,5.0
Chhattisgarh,2005,7.86
Bihar,2021,8.56
Uttar Pradesh,2006,6.32
West Bengal,2020,6.2
Gujarat,2010,4.61
Assam,2021,7.03
Madhya Pradesh,2024,7.77
Madhya Pradesh,2017,5.78
Assam,2006,4.04
Rajasthan,2004,8.56
Maharashtra,2013,4.16
Bihar,2004,8.03
Haryana,2002,6.33
Tamil Nadu,2000,4.64
Chhattisgarh,2001,7.7
Madhya Pradesh,2024,5.79
Chhattisgarh,2023,4.88
Assam,2007,5.75
Gujarat,2011,6.01
Odisha,2011,5.78
Maharashtra,2002,7.18
Telangana,2002,8.94
Maharashtra,2000,7.24
Maharashtra,2012,7.37
Gujarat,2004,8.84
Tamil Nadu,2003,7.96
Gujarat,2024,6.61
West Bengal,2000,5.91
Haryana,2004,7.86
Haryana,2000,7.06
Haryana,2022,4.13
Assam,2012,8.58
Jharkhand,2011,7.59
Maharashtra,2022,8.03
West Bengal,2013,7.83
West Bengal,2011,5.0
Rajasthan,2014,5.61
Uttar Pradesh,2021,8.58
Bihar,2002,5.35
Odisha,2019,7.01
Jharkhand,2001,8.26
Assam,2007,8.33
Haryana,2015,8.62
Maharashtra,2021,6.49
Odisha,2013,8.18
Karnataka,2017,6.21
Haryana,2017,8.9
Odisha,2014,7.92
Tamil Nadu,2020,5.21
Madhya Pradesh,2013,4.4
Odisha,2003,4.53
Assam,2011,8.99
Telangana,2023,8.7
Odisha,2006,6.76
Rajasthan,2001,6.47
Chhattisgarh,2018,4.97
Assam,2020,8.34
Maharashtra,2000,5.94
Rajasthan,2022,6.75
Bihar,2011,6.67
Assam,2002,6.71
Chhattisgarh,2011,5.02
Maharashtra,2021,7.42
Madhya Pradesh,2011,5.52
Rajasthan,2000,4.46
Jharkhand,2016,7.02
Assam,2001,7.18
Gujarat,2023,5.57
Rajasthan,2009,8.23
Karnataka,2023,8.22
Jharkhand,2001,8.73
Assam,2017,7.42
Karnataka,2013,6.13
Haryana,2022,7.65
West Bengal,2014,7.48
Jharkhand,2006,6.31
Chhattisgarh,2019,6.15
Uttar Pradesh,2011,8.62
Tamil Nadu,2003,8.15
Gujarat,2012,5.66
Karnataka,2012,6.53
Maharashtra,2008,5.51
Tamil Nadu,2008,8.03
Karnataka,2011,6.31
Odisha,2002,7.05
Madhya Pradesh,2017,7.93
Uttar Pradesh,2001,6.32
Assam,2003,8.91
Karnataka,2004,5.86
West Bengal,2020,7.29
Karnataka,2015,8.92
Karnataka,2015,7.33
Madhya Pradesh,2015,8.54
West Bengal,2004,8.37
West Bengal,2013,5.95
Haryana,2001,5.06
Assam,2001,6.76
Uttar Pradesh,2005,6.48
Maharashtra,2010,7.14
Bihar,2001,6.42
Haryana,2003,8.68
Haryana,2008,8.26
Telangana,2014,5.1
Odisha,2020,7.06
Gujarat,2000,5.51
Haryana,2014,6.69
Maharashtra,2012,6.08
Bihar,2023,8.31
Madhya Pradesh,2008,6.68
Telangana,2017,5.8
Uttar Pradesh,2001,8.67
Gujarat,2023,4.07
Chhattisgarh,2018,7.14
Uttar Pradesh,2002,8.95
Tamil Nadu,2011,5.55
Bihar,2012,6.44
Jharkhand,2000,6.44
Uttar Pradesh,2006,8.32
West Bengal,2019,7.55
Bihar,2010,7.39
West Bengal,2011,5.53
Tamil Nadu,2015,6.61
Chhattisgarh,2001,8.08
Rajasthan,2009,4.53
Uttar Pradesh,2012,6.53
Haryana,2016,6.33
Karnataka,2016,8.15
Maharashtra,2014,5.78
West Bengal,2001,7.85
Jharkhand,2004,8.6
Haryana,2020,7.42
Rajasthan,2016,8.07
Gujarat,2011,5.84
Bihar,2014,5.16
Haryana,2005,8.65
Rajasthan,2023,7.22
Odisha,2000,7.54
Odisha,2007,7.17
Telangana,2023,4.32
Gujarat,2011,6.64
West Bengal,2020,5.82
Assam,2023,6.21
Rajasthan,2020,6.26
Gujarat,2008,7.46
Telangana,2014,8.89
Rajasthan,2016,4.62
Haryana,2019,7.61
Jharkhand,2011,6.57
Chhattisgarh,2006,6.79
Madhya Pradesh,2007,6.91
Rajasthan,2005,4.58
Uttar Pradesh,2005,8.03
Madhya Pradesh,2000,7.03
Karnataka,2012,8.28
Telangana,2001,4.48
Odisha,2003,4.6
Odisha,2004,7.85
Bihar,2012,7.77
Telangana,2007,8.87
Madhya Pradesh,2014,4.29
Telangana,2020,6.62
Madhya Pradesh,2023,5.97
Jharkhand,2001,8.23
Bihar,2016,5.45
Madhya Pradesh,2016,7.77
Jharkhand,2017,4.98
West Bengal,2001,6.26
Haryana,2013,5.73
West Bengal,2024,4.4
Jharkhand,2017,4.37
Telangana,2010,7.49
Jharkhand,2013,7.24
Assam,2009,8.23
Uttar Pradesh,2020,6.6
West Bengal,2006,5.36
Rajasthan,2013,6.67
Chhattisgarh,2003,6.71
Assam,2012,8.85
Rajasthan,2011,7.8
Gujarat,2009,6.16
Tamil Nadu,2022,8.03
Karnataka,2018,7.01
Karnataka,2018,6.52
Haryana,2008,7.51
Tamil Nadu,2005,7.94
Tamil Nadu,2006,4.18
Odisha,2020,6.72
Chhattisgarh,2011,8.06
Tamil Nadu,2002,6.39
Telangana,2018,6.25
West Bengal,2015,6.57
Karnataka,2004,7.85
Telangana,2013,7.47
Jharkhand,2014,8.23
Karnataka,2008,4.75
Tamil Nadu,2021,8.46
Gujarat,2019,6.46
Rajasthan,2016,5.11
Telangana,2023,7.96
West Bengal,2014,5.21
Bihar,2000,8.73
Tamil Nadu,2002,6.61
Maharashtra,2001,7.51
Haryana,2003,5.29
Madhya Pradesh,2012,8.67
Maharashtra,2011,6.26
Assam,2014,7.33
Haryana,2006,5.78
Haryana,2007,8.19
Karnataka,2021,4.51
Assam,2016,5.66
West Bengal,2019,4.78
Karnataka,2007,7.33
Rajasthan,2007,4.43
Chhattisgarh,2021,7.98
Telangana,2015,7.38
Bihar,2024,4.02
Telangana,2001,6.44
Chhattisgarh,2000,4.65
Madhya Pradesh,2023,8.93
Haryana,2006,5.67
Madhya Pradesh,2018,7.43
Haryana,2020,5.8
West Bengal,2020,7.2
Chhattisgarh,2005,5.65
Jharkhand,2009,7.98
Haryana,2016,4.11
Gujarat,2011,7.05
Karnataka,2024,4.68
Chhattisgarh,2007,5.89
Tamil Nadu,2001,5.87
Bihar,2002,7.26
Uttar Pradesh,2015,8.97
Telangana,2010,8.97
Maharashtra,2005,4.11
Madhya Pradesh,2022,7.47
Jharkhand,2008,6.08
Madhya Pradesh,2014,5.3
Jharkhand,2020,4.53
Uttar Pradesh,2001,8.26
Chhattisgarh,2007,5.46
Haryana,2019,6.38
Chhattisgarh,2002,5.08
Rajasthan,2021,7.67
West Bengal,2018,5.69
Gujarat,2003,7.67
Odisha,2015,8.68
Haryana,2024,4.56
West Bengal,2004,7.98
Chhattisgarh,2010,8.72
Karnataka,2016,7.44
Telangana,2003,7.13
Uttar Pradesh,2000,4.27
Jharkhand,2001,8.64
Maharashtra,2019,5.75
West Bengal,2009,8.26
Uttar Pradesh,2016,7.43
Uttar Pradesh,2023,6.83
Maharashtra,2004,6.87
Gujarat,2013,5.53
Telangana,2024,7.1
Odisha,2010,4.55
Maharashtra,2001,5.64
Gujarat,2017,6.32
Karnataka,2001,5.69
Rajasthan,2014,8.92
Karnataka,2009,4.33
Jharkhand,2012,7.4
Karnataka,2008,8.8
Bihar,2020,8.84
Gujarat,2016,8.17
Bihar,2001,4.15
Karnataka,2001,8.64
Madhya Pradesh,2010,4.45
Telangana,2022,7.34
Jharkhand,2003,4.84
Bihar,2022,6.53
Odisha,2013,4.92
Jharkhand,2002,8.3
West Bengal,2021,4.85
Jharkhand,2008,6.39
Rajasthan,2004,6.2
Karnataka,2008,6.86
Jharkhand,2015,4.67
Karnataka,2003,4.43
West Bengal,2005,7.99
West Bengal,2012,4.93
West Bengal,2019,7.04
Karnataka,2020,8.53
Rajasthan,2016,6.38
Uttar Pradesh,2002,7.17
Rajasthan,2000,7.26
Odisha,2017,5.91
Bihar,2000,4.21
Tamil Nadu,2021,5.14
Bihar,2020,5.2
Odisha,2022,7.55
Maharashtra,2007,8.67
Assam,2022,4.35
Uttar Pradesh,2002,4.75
West Bengal,2007,5.4
Bihar,2005,6.26
Odisha,2006,4.58
Gujarat,2022,6.22
Rajasthan,2007,4.72
Jharkhand,2019,6.62
Odisha,2016,4.15
Haryana,2024,8.24
Madhya Pradesh,2015,8.47
Maharashtra,2013,7.76
Gujarat,2003,7.25
Bihar,2002,5.81
Tamil Nadu,2017,7.5
Uttar Pradesh,2013,5.43
Odisha,2023,7.72
Chhattisgarh,2015,4.81
Maharashtra,2012,7.82
Karnataka,2018,4.21
Odisha,2012,8.93
Bihar,2022,7.98
Karnataka,2018,4.61
Uttar Pradesh,2024,7.04
Telangana,2002,5.75
Bihar,2018,5.08
Chhattisgarh,2021,7.11
Jharkhand,2005,5.24
Haryana,2006,4.11
Gujarat,2002,6.91
Karnataka,2017,7.35
Assam,2016,5.84
West Bengal,2007,7.56
West Bengal,2012,8.1
Gujarat,2009,8.37
Rajasthan,2009,4.44
Rajasthan,2020,7.16
Rajasthan,2012,6.67
Haryana,2002,8.53
Uttar Pradesh,2009,5.46
Haryana,2023,7.02
Haryana,2017,6.35
Karnataka,2009,5.92
Bihar,2015,4.05
Bihar,2010,4.13
Telangana,2003,5.52
Chhattisgarh,2017,4.48
Madhya Pradesh,2010,8.54
Assam,2022,8.49
Karnataka,2006,8.95
Maharashtra,2012,5.51
Maharashtra,2014,6.18
Jharkhand,2013,7.56
Telangana,2012,5.51
Maharashtra,2003,4.38
Maharashtra,2012,4.1
Jharkhand,2019,8.08
West Bengal,2004,5.31
Telangana,2002,5.92
Tamil Nadu,2023,5.14
Uttar Pradesh,2002,4.02
Odisha,2006,7.48
Odisha,2001,5.96
Rajasthan,2015,5.43
Chhattisgarh,2004,7.31
Maharashtra,2012,4.79
Tamil Nadu,2018,8.65
Chhattisgarh,2005,7.29
Bihar,2020,7.49
Uttar Pradesh,2023,4.24
Chhattisgarh,2002,6.28
Chhattisgarh,2002,8.65
Jharkhand,2016,6.45
Karnataka,2002,4.2
Jharkhand,2001,6.85
Rajasthan,2020,8.65
Rajasthan,2002,5.07
Madhya Pradesh,2018,4.17
Rajasthan,2006,6.45
Jharkhand,2021,8.37
Assam,2018,5.21
Madhya Pradesh,2013,5.18
Jharkhand,2000,4.96
Maharashtra,2003,5.8
Karnataka,2022,7.92
Odisha,2022,8.74
Karnataka,2018,4.93
Odisha,2002,7.45
Assam,2003,8.52
Chhattisgarh,2016,6.66
Rajasthan,2013,7.63
Madhya Pradesh,2012,4.5
Tamil Nadu,2016,7.68
Gujarat,2002,5.25
Rajasthan,2010,5.7
Bihar,2018,4.16
Jharkhand,2018,8.29
Uttar Pradesh,2013,5.67
Karnataka,2020,5.01
Tamil Nadu,2021,5.95
Karnataka,2018,8.99
Telangana,2002,4.43
Tamil Nadu,2004,4.2
Tamil Nadu,2015,5.38
Chhattisgarh,2006,6.98
Tamil Nadu,2016,5.64
Haryana,2023,5.62
Maharashtra,2019,4.37
Karnataka,2006,8.43
West Bengal,2014,4.95
Maharashtra,2011,4.71
Haryana,2004,7.65
Rajasthan,2013,6.92
Bihar,2021,4.34
Bihar,2020,6.67
Bihar,2002,6.56
Odisha,2001,5.33
Odisha,2000,6.92
Assam,2021,5.21
Rajasthan,2016,5.32
Jharkhand,2016,4.48
Bihar,2017,7.32
Haryana,2013,8.5
Rajasthan,2001,6.87
Haryana,2007,8.6
Uttar Pradesh,2007,7.27
Chhattisgarh,2006,8.21
Madhya Pradesh,2013,5.42
Chhattisgarh,2009,4.78
Rajasthan,2022,8.1
Maharashtra,2010,6.39
Bihar,2001,6.01
West Bengal,2023,8.68
Maharashtra,2016,7.99
Odisha,2016,5.65
Assam,2009,8.89
Rajasthan,2003,6.33
Rajasthan,2007,4.78
Gujarat,2006,7.18
Madhya Pradesh,2012,7.99
Madhya Pradesh,2017,4.96
Telangana,2017,7.06
Chhattisgarh,2016,8.16
West Bengal,2023,7.2
Karnataka,2021,8.92
Haryana,2001,6.56
Haryana,2003,8.7
Tamil Nadu,2007,5.12
Haryana,2008,7.0
Gujarat,2014,6.11
Maharashtra,2018,6.63
Odisha,2016,6.86
Maharashtra,2006,7.2
Odisha,2018,6.72
Uttar Pradesh,2005,6.59
Bihar,2021,6.18
Tamil Nadu,2010,8.13
Odisha,2006,4.54
Uttar Pradesh,2017,8.14
West Bengal,2013,5.64
Gujarat,2010,6.17
Karnataka,2002,5.12
Haryana,2014,6.45
Jharkhand,2011,4.69
Jharkhand,2008,7.99
West Bengal,2024,5.02
Jharkhand,2008,4.74
Maharashtra,2011,8.55
Haryana,2009,4.84
Telangana,2023,6.72
Tamil Nadu,2010,8.68
Madhya Pradesh,2006,6.25
Bihar,2015,8.53
Tamil Nadu,2014,5.63
Gujarat,2023,8.75
Chhattisgarh,2022,8.42
Tamil Nadu,2005,5.49
Tamil Nadu,2008,4.77
Bihar,2001,7.56
Gujarat,2013,6.05
Rajasthan,2015,7.86
Chhattisgarh,2003,8.53
Telangana,2011,4.77
Assam,2019,5.27
West Bengal,2011,8.0
Assam,2009,4.16
Madhya Pradesh,2006,5.94
Madhya Pradesh,2021,6.94
Bihar,2000,7.9
West Bengal,2003,8.93
Odisha,2022,8.4
Tamil Nadu,2017,6.56
Telangana,2006,7.84
Karnataka,2002,6.55
Bihar,2024,4.18
Chhattisgarh,2024,7.29
Gujarat,2014,6.81
Gujarat,2024,4.51
Tamil Nadu,2005,6.1
Chhattisgarh,2009,6.04
Uttar Pradesh,2005,4.84
Odisha,2007,4.23
Odisha,2014,7.47
Maharashtra,2014,5.56
Madhya Pradesh,2005,7.28
Telangana,2023,5.41
Uttar Pradesh,2016,7.81
Jharkhand,2020,5.02
Maharashtra,2023,5.5
Telangana,2014,4.08
Chhattisgarh,2009,6.19
Uttar Pradesh,2016,4.16
Gujarat,2010,8.52
Haryana,2010,4.38
Rajasthan,2019,4.18
Maharashtra,2021,7.77
Assam,2012,4.96
Uttar Pradesh,2003,5.33
Gujarat,2001,7.61
Maharashtra,2019,4.23
Tamil Nadu,2019,8.26
Tamil Nadu,2009,5.15
Tamil Nadu,2001,5.2
Gujarat,2015,6.78
Karnataka,2016,8.07
West Bengal,2017,7.49
Telangana,2012,8.0
Odisha,2008,8.32
Odisha,2019,8.16
Maharashtra,2004,6.59
Chhattisgarh,2009,6.96
Uttar Pradesh,2010,4.16
Assam,2007,5.47
Gujarat,2019,4.73
Assam,2019,6.26
Rajasthan,2009,7.37
West Bengal,2012,6.56
Tamil Nadu,2004,4.94
Haryana,2000,6.67
Madhya Pradesh,2014,4.9
Uttar Pradesh,2014,8.48
Uttar Pradesh,2013,8.47
Jharkhand,2018,5.88
Maharashtra,2004,4.03
Bihar,2016,8.54
Haryana,2000,6.12
Gujarat,2023,7.24
Assam,2010,4.78
Tamil Nadu,2004,7.89
Uttar Pradesh,2020,7.85
Bihar,2016,7.11
Uttar Pradesh,2006,7.36
Chhattisgarh,2023,7.27
Bihar,2021,6.92
Madhya Pradesh,2018,8.33
Karnataka,2001,6.58
West Bengal,2019,5.13
Chhattisgarh,2005,6.13
Assam,2005,4.32
Telangana,2004,6.78
Assam,2012,5.55
Tamil Nadu,2007,4.77
Tamil Nadu,2020,6.65
Jharkhand,2023,7.7
Rajasthan,2018,6.03
Rajasthan,2001,7.89
Bihar,2022,5.96
Gujarat,2013,4.32
Uttar Pradesh,2010,8.43
Jharkhand,2002,5.47
Haryana,2016,5.4
Bihar,2004,5.99
West Bengal,2014,7.74
Assam,2006,7.33
Karnataka,2005,6.68
Gujarat,2003,4.77
Madhya Pradesh,2021,8.78
Gujarat,2007,4.09
Haryana,2019,5.54
Tamil Nadu,2014,7.29
Haryana,2017,4.78
West Bengal,2008,4.18
Tamil Nadu,2001,4.83
Uttar Pradesh,2012,7.12
Karnataka,2024,8.31
Chhattisgarh,2003,6.23
Uttar Pradesh,2024,5.27
Madhya Pradesh,2004,6.21
Uttar Pradesh,2016,4.3
Bihar,2016,8.1
Karnataka,2007,4.84
Chhattisgarh,2010,5.0
Madhya Pradesh,2013,7.64
Haryana,2004,8.96
Assam,2001,5.38
Assam,2011,7.33
Jharkhand,2000,5.74
Uttar Pradesh,2024,7.09
Karnataka,2006,7.34
Odisha,2006,6.32
Rajasthan,2008,5.06
Telangana,2011,8.86
Jharkhand,2022,7.78
Tamil Nadu,2006,6.95
Tamil Nadu,2008,5.27
Rajasthan,2024,8.64
Telangana,2022,4.59
Chhattisgarh,2009,5.84
Assam,2022,6.83
Uttar Pradesh,2022,5.68
Odisha,2011,7.67
Madhya Pradesh,2023,5.53
Maharashtra,2005,8.58
Telangana,2011,8.81
Madhya Pradesh,2017,6.16
West Bengal,2014,8.69
Chhattisgarh,2024,5.42
Gujarat,2010,5.82
Chhattisgarh,2004,8.3
Uttar Pradesh,2012,8.03
Odisha,2010,5.21
Odisha,2023,8.84
Uttar Pradesh,2010,4.16
Rajasthan,2006,8.97
Maharashtra,2010,7.83
Jharkhand,2008,6.02
Bihar,2004,7.36
Jharkhand,2024,4.9
Karnataka,2002,4.3
Madhya Pradesh,2003,4.58
Rajasthan,2012,4.28
Bihar,2017,5.74
Madhya Pradesh,2008,4.69
Telangana,2015,8.51
Maharashtra,2001,4.35
Chhattisgarh,2001,7.23
Rajasthan,2009,4.75
Tamil Nadu,2018,8.93
Jharkhand,2017,6.27
Gujarat,2016,6.03
Haryana,2000,7.37
Tamil Nadu,2000,4.66
West Bengal,2020,4.61
Jharkhand,2020,4.09
Gujarat,2015,7.23
Jharkhand,2003,8.95
Chhattisgarh,2001,4.48
West Bengal,2011,7.14
Tamil Nadu,2004,8.67
Gujarat,2021,8.47
Karnataka,2004,5.71
Tamil Nadu,2006,4.66
Rajasthan,2009,5.31
Telangana,2019,6.6
Chhattisgarh,2004,7.84
Uttar Pradesh,2001,8.31
Madhya Pradesh,2004,8.85
Karnataka,2006,5.44
Gujarat,2021,8.4
Rajasthan,2013,7.81
Maharashtra,2001,7.7
Karnataka,2012,8.89
Chhattisgarh,2000,5.31
Assam,2021,5.1
Jharkhand,2014,7.47
Tamil Nadu,2004,7.94
West Bengal,2014,7.42
Madhya Pradesh,2010,7.58
Telangana,2002,5.32
Rajasthan,2002,4.4
Assam,2024,7.98
Haryana,2021,4.59
Maharashtra,2009,7.98
Maharashtra,2008,8.92
Chhattisgarh,2004,8.52
Gujarat,2016,5.3
Chhattisgarh,2004,5.55
Karnataka,2009,6.27
Haryana,2021,5.43
Telangana,2001,7.16
Telangana,2003,7.75
Telangana,2014,8.16
Bihar,2005,6.96
Karnataka,2009,5.72
Chhattisgarh,2019,6.85
Gujarat,2006,5.28
Rajasthan,2007,5.56
Telangana,2002,5.28
Assam,2018,4.79
Telangana,2000,8.21
Jharkhand,2012,5.81
Maharashtra,2017,5.45
Jharkhand,2021,5.24
Bihar,2013,6.69
Haryana,2021,6.42
Uttar Pradesh,2005,7.66
Uttar Pradesh,2001,6.65
Rajasthan,2010,7.3
Jharkhand,2024,4.98
Uttar Pradesh,2022,5.42
West Bengal,2000,7.66
Chhattisgarh,2004,5.07
Haryana,2000,7.44
Tamil Nadu,2021,7.54
Telangana,2016,8.67
Rajasthan,2002,5.13
Assam,2011,4.66
Jharkhand,2020,8.46
Jharkhand,2011,7.28
Jharkhand,2020,7.62
Uttar Pradesh,2020,8.59
Karnataka,2001,7.44
Odisha,2005,7.68
Gujarat,2005,8.89
West Bengal,2005,8.28
Bihar,2012,8.52
Telangana,2021,8.85
Uttar Pradesh,2019,6.65
Rajasthan,2015,6.59
Telangana,2011,4.38
Gujarat,2012,5.14
Odisha,2016,5.63
Tamil Nadu,2020,4.86
West Bengal,2021,7.54
Telangana,2015,4.58
Haryana,2006,6.44
Odisha,2006,8.51
Gujarat,2009,6.83
Tamil Nadu,2020,7.28
Rajasthan,2001,4.77
Odisha,2021,5.32
Karnataka,2007,4.53
Haryana,2002,4.37
Madhya Pradesh,2023,5.81
Rajasthan,2022,8.84
Madhya Pradesh,2024,5.94
Bihar,2020,6.99
West Bengal,2005,6.64
Odisha,2018,7.59
West Bengal,2023,5.25
Odisha,2007,4.51
Tamil Nadu,2018,8.79
Haryana,2022,6.58
Karnataka,2016,5.51
Maharashtra,2021,4.67
Maharashtra,2011,8.25
Jharkhand,2018,4.67
Jharkhand,2011,8.41
Uttar Pradesh,2000,7.44
Madhya Pradesh,2020,4.51
Tamil Nadu,2016,4.9
Telangana,2011,8.55
Chhattisgarh,2010,6.44
West Bengal,2011,4.39
Odisha,2012,5.49
Madhya Pradesh,2012,7.6
Gujarat,2024,7.12
Tamil Nadu,2013,5.26
Karnataka,2003,8.72
Assam,2013,6.2
Assam,2009,7.41
Karnataka,2011,7.97
Chhattisgarh,2012,5.07
Rajasthan,2019,6.37
Karnataka,2023,6.71
Haryana,2006,6.35
Rajasthan,2011,6.51
Chhattisgarh,2017,4.6
Chhattisgarh,2009,8.58
Maharashtra,2023,6.98
Chhattisgarh,2011,7.03
Madhya Pradesh,2018,5.37
Madhya Pradesh,2022,6.21
Karnataka,2008,6.34
Assam,2016,5.99
Karnataka,2002,4.82
Tamil Nadu,2009,5.82
Bihar,2010,5.08
Rajasthan,2023,5.49
Rajasthan,2006,7.96
Tamil Nadu,2014,4.79
Uttar Pradesh,2024,4.69
Jharkhand,2022,7.31
Bihar,2013,8.47
Chhattisgarh,2008,6.37
Madhya Pradesh,2013,4.79
Telangana,2018,5.46
Karnataka,2005,7.89
Tamil Nadu,2004,6.68
Uttar Pradesh,2008,7.88
Gujarat,2016,7.99
Chhattisgarh,2008,6.13
Maharashtra,2020,7.99
Rajasthan,2006,7.13
Maharashtra,2021,4.1
Rajasthan,2023,8.2
Maharashtra,2001,6.68
Haryana,2023,6.88
West Bengal,2015,8.79
West Bengal,2009,8.76
Karnataka,2019,5.3
Haryana,2007,7.28
Telangana,2001,5.3
Madhya Pradesh,2004,7.24
Gujarat,2023,8.59
Haryana,2017,6.1
Uttar Pradesh,2006,6.56
Rajasthan,2014,7.41
Bihar,2014,6.6
Rajasthan,2015,4.88
Chhattisgarh,2003,7.47
Maharashtra,2013,4.49
Karnataka,2016,8.96
Haryana,2000,4.19
Telangana,2024,5.2
Rajasthan,2015,4.61
Chhattisgarh,2024,8.63
Bihar,2012,5.72
Bihar,2013,5.2
Haryana,2015,6.85
Gujarat,2017,4.84
Telangana,2012,8.64
Chhattisgarh,2009,8.45
Telangana,2002,8.36
Rajasthan,2006,6.24
Tamil Nadu,2024,4.99
Tamil Nadu,2003,6.25
Rajasthan,2008,6.89
Karnataka,2006,8.9
Telangana,2015,4.85
Odisha,2015,7.86
West Bengal,2002,4.03
Telangana,2003,4.02
Gujarat,2003,6.73
Haryana,2015,6.88
Odisha,2021,6.52
Madhya Pradesh,2019,6.01
Chhattisgarh,2018,5.64
Maharashtra,2012,8.79
Karnataka,2017,5.92
Jharkhand,2019,6.88
Rajasthan,2018,4.92
Bihar,2002,4.01
Haryana,2001,5.35
Tamil Nadu,2003,4.99
Odisha,2012,6.88
Tamil Nadu,2004,5.65
Telangana,2010,4.87
Karnataka,2019,7.99
Jharkhand,2012,7.92
Jharkhand,2014,8.31
Uttar Pradesh,2009,7.31
Haryana,2023,8.07
Assam,2000,8.08
Bihar,2006,8.53
Bihar,2007,6.94
Telangana,2000,6.97
Haryana,2019,5.12
Bihar,2008,8.51
Bihar,2009,8.64
Assam,2022,4.03
Bihar,2022,8.76
Rajasthan,2023,5.85
West Bengal,2022,5.03
Odisha,2024,4.03
Bihar,2007,7.86
Uttar Pradesh,2023,8.68
Haryana,2004,4.68
Assam,2013,8.07
Odisha,2009,4.07
Chhattisgarh,2017,4.2
Maharashtra,2001,7.52
Karnataka,2013,4.06
Tamil Nadu,2006,8.65
Bihar,2008,6.06
Tamil Nadu,2000,6.94
Chhattisgarh,2001,6.06
Chhattisgarh,2005,7.84
Jharkhand,2024,6.8
Tamil Nadu,2004,7.45
Bihar,2003,5.68
West Bengal,2005,6.29
Gujarat,2001,8.31
Karnataka,2021,6.32
Uttar Pradesh,2007,5.22
Odisha,2016,7.09
Odisha,2021,6.87
West Bengal,2006,5.95
Karnataka,2012,5.67
Assam,2009,5.92
Bihar,2021,4.59
Chhattisgarh,2015,8.33
Uttar Pradesh,2015,4.51
Karnataka,2006,7.88
Odisha,2005,7.01
Haryana,2003,5.94
Chhattisgarh,2006,7.07
Gujarat,2023,4.57
Odisha,2010,8.97
Odisha,2013,4.82
Karnataka,2012,8.6
Jharkhand,2017,8.93
Uttar Pradesh,2007,4.61
Chhattisgarh,2022,7.46
Bihar,2000,5.03
Haryana,2009,5.46
Karnataka,2024,5.88
Uttar Pradesh,2007,6.88
Odisha,2019,4.36
Tamil Nadu,2015,7.92
West Bengal,2004,7.37
West Bengal,2023,4.81
Bihar,2003,5.73
Rajasthan,2014,8.59
Tamil Nadu,2017,8.36
Assam,2019,4.47
Chhattisgarh,2022,5.75
Tamil Nadu,2017,7.45
Uttar Pradesh,2019,4.45
Haryana,2006,6.64
Chhattisgarh,2007,6.91
Odisha,2004,8.97
Maharashtra,2009,7.99
West Bengal,2011,5.12
Odisha,2003,4.6
Gujarat,2007,5.33
Haryana,2018,7.82
Madhya Pradesh,2020,4.48
Tamil Nadu,2021,4.67
Karnataka,2014,4.43
Assam,2002,4.95
Odisha,2015,8.39
Bihar,2013,4.76
West Bengal,2012,5.57
Tamil Nadu,2005,6.54
Haryana,2010,5.05
Odisha,2004,6.82
West Bengal,2017,5.62
Bihar,2004,4.87
West Bengal,2014,7.2
Bihar,2008,6.97
Bihar,2007,8.35
Karnataka,2020,5.42
Karnataka,2007,8.21
Tamil Nadu,2024,5.82
Madhya Pradesh,2024,7.41
Bihar,2018,4.8
Chhattisgarh,2012,8.57
Bihar,2017,4.34
Uttar Pradesh,2006,6.56
Bihar,2018,9.0
Haryana,2016,4.03
Rajasthan,2024,5.69
West Bengal,2003,4.3
Bihar,2005,7.8
Haryana,2015,6.35
Gujarat,2021,5.18
West Bengal,2000,6.98
Tamil Nadu,2011,5.31
Assam,2014,8.82
Assam,2014,5.0
West Bengal,2006,7.62
West Bengal,2007,7.75
Odisha,2002,4.82
Assam,2002,8.25
Tamil Nadu,2012,5.58
Jharkhand,2006,5.06
Rajasthan,2022,4.94
Karnataka,2021,4.13
Bihar,2022,6.95
Telangana,2006,5.25
Madhya Pradesh,2000,8.77
Telangana,2009,7.39
Chhattisgarh,2011,7.13
Tamil Nadu,2013,7.34
Uttar Pradesh,2018,8.96
Assam,2011,4.45
Haryana,2019,7.82
Maharashtra,2019,4.2
Uttar Pradesh,2013,5.25
Karnataka,2020,8.88
Madhya Pradesh,2018,8.13
Bihar,2010,6.68
Karnataka,2018,7.07
Haryana,2023,8.31
Maharashtra,2013,6.56
Madhya Pradesh,2003,4.77
Assam,2019,6.33
Assam,2016,5.69
West Bengal,2000,8.65
West Bengal,2024,4.34
Madhya Pradesh,2021,4.2
West Bengal,2019,8.1
Haryana,2017,4.63
West Bengal,2002,5.39
Madhya Pradesh,2024,7.78
Gujarat,2017,7.09
Odisha,2024,7.58
Madhya Pradesh,2000,6.33
Rajasthan,2001,5.61
Haryana,2023,4.58
Karnataka,2022,7.02
Tamil Nadu,2007,7.28
Karnataka,2010,5.38
Haryana,2021,6.57
Haryana,2018,5.29
Jharkhand,2011,4.47
Jharkhand,2005,4.65
Karnataka,2021,6.31
Madhya Pradesh,2004,8.68
Assam,2023,7.19
Gujarat,2020,4.87
Gujarat,2001,7.26
Gujarat,2002,7.87
Karnataka,2002,4.54
Gujarat,2013,5.17
Haryana,2004,8.87
Karnataka,2021,4.95
Chhattisgarh,2002,4.49
Chhattisgarh,2019,5.08
Gujarat,2018,6.03
Jharkhand,2014,5.28
Rajasthan,2002,5.33
Jharkhand,2008,6.32
Gujarat,2000,7.23
Rajasthan,2013,7.77
Uttar Pradesh,2005,8.27
Assam,2017,6.14
Bihar,2000,6.94
Madhya Pradesh,2001,7.76
Chhattisgarh,2005,5.72
Tamil Nadu,2010,6.38
West Bengal,2011,5.01
Maharashtra,2016,8.37
Rajasthan,2005,7.57
Jharkhand,2013,4.59
Odisha,2013,8.54
Telangana,2000,7.45
Telangana,2005,5.26
Maharashtra,2021,4.1
Uttar Pradesh,2007,8.09
Haryana,2021,4.61
Uttar Pradesh,2024,4.33
Rajasthan,2004,5.87
Telangana,2009,4.33
Tamil Nadu,2022,6.71
Telangana,2016,4.93
West Bengal,2022,4.05
Gujarat,2009,8.8
Chhattisgarh,2019,6.49
Rajasthan,2004,4.98
Chhattisgarh,2018,5.83
Odisha,2004,7.86
Chhattisgarh,2005,4.41
West Bengal,2024,6.91
Bihar,2013,6.85
Assam,2020,6.05
Maharashtra,2017,8.11
Rajasthan,2022,8.22
Maharashtra,2014,4.97
Uttar Pradesh,2023,8.74
Bihar,2001,7.53
Odisha,2006,7.72
Uttar Pradesh,2023,6.62
Gujarat,2022,6.39
Tamil Nadu,2003,6.57
Jharkhand,2006,4.39
Bihar,2024,8.88
Karnataka,2011,7.49
West Bengal,2023,4.87
Tamil Nadu,2009,5.54
Uttar Pradesh,2018,8.91
Bihar,2005,5.2
Chhattisgarh,2016,8.47
Maharashtra,2003,8.12
Madhya Pradesh,2003,4.73
Chhattisgarh,2002,8.15
Gujarat,2013,4.71
Jharkhand,2015,7.68
Haryana,2001,8.1
Assam,2020,8.48
Rajasthan,2008,4.34
Haryana,2006,4.03
Karnataka,2021,6.41
West Bengal,2015,7.9
Telangana,2019,4.86
Odisha,2000,4.33
Tamil Nadu,2015,7.53
Karnataka,2015,4.05
Haryana,2020,4.47
Chhattisgarh,2020,7.19
Odisha,2007,8.88
Madhya Pradesh,2011,8.17
Telangana,2018,6.95
Maharashtra,2008,8.94
Telangana,2014,8.77
West Bengal,2014,4.07
Rajasthan,2022,8.14
Uttar Pradesh,2013,6.53
Bihar,2023,6.79
Madhya Pradesh,2003,6.85
Jharkhand,2006,4.3
Uttar Pradesh,2018,4.67
Haryana,2005,4.73
Uttar Pradesh,2009,7.13
Gujarat,2021,6.68
Gujarat,2009,5.85
Madhya Pradesh,2009,5.97
Assam,2013,6.47
Haryana,2020,5.55
Telangana,2024,7.2
Gujarat,2010,6.51
Tamil Nadu,2005,8.89
Karnataka,2016,5.18
Telangana,2020,7.92
Gujarat,2007,5.51
West Bengal,2024,5.35
Gujarat,2010,7.91
Gujarat,2014,7.77
Gujarat,2017,6.7
Gujarat,2007,6.99
Haryana,2004,8.64
Assam,2006,6.93
West Bengal,2010,4.57
Jharkhand,2021,7.94
Gujarat,2003,5.0
Karnataka,2016,5.85
Rajasthan,2007,8.66
Jharkhand,2003,5.24
West Bengal,2010,4.58
Assam,2017,4.94
West Bengal,2015,7.26
Gujarat,2021,5.71
Bihar,2013,8.97
Karnataka,2015,4.61
Karnataka,2014,7.46
Jharkhand,2001,6.44
Rajasthan,2015,6.79
Bihar,2008,5.45
Uttar Pradesh,2000,5.88
Karnataka,2004,7.52
Rajasthan,2012,8.05
Jharkhand,2008,4.45
Tamil Nadu,2007,7.0
Rajasthan,2013,5.5
Bihar,2002,8.49
Karnataka,2022,6.62
Bihar,2024,6.25
Tamil Nadu,2015,5.71
Haryana,2014,8.63
Bihar,2006,4.25
Chhattisgarh,2016,7.23
Odisha,2023,5.86
Odisha,2018,5.84
Chhattisgarh,2005,7.4
Odisha,2024,4.64
Assam,2022,7.21
Assam,2004,6.44
Chhattisgarh,2023,6.8
Uttar Pradesh,2016,4.25
Chhattisgarh,2006,8.97
West Bengal,2006,6.87
Jharkhand,2021,8.27
Assam,2000,7.77
Uttar Pradesh,2021,6.36
Chhattisgarh,2023,7.06
Maharashtra,2006,6.52
Odisha,2012,7.95
Jharkhand,2004,4.8
Assam,2023,8.48
Jharkhand,2012,4.07
Madhya Pradesh,2018,4.79
West Bengal,2024,6.67
Tamil Nadu,2001,5.92
Madhya Pradesh,2012,5.72
Chhattisgarh,2010,4.8
Odisha,2016,8.99
Gujarat,2013,6.76
Rajasthan,2019,4.88
Odisha,2005,4.43
Maharashtra,2024,7.95
Odisha,2012,6.83
Karnataka,2021,7.59
West Bengal,2010,6.15
Haryana,2006,5.32
Jharkhand,2008,8.84
Telangana,2020,6.39
Telangana,2004,6.35
Uttar Pradesh,2016,8.8
Gujarat,2021,5.67
Karnataka,2004,6.45
Tamil Nadu,2011,5.47
Tamil Nadu,2000,5.5
Telangana,2014,8.0
Karnataka,2016,4.95
Rajasthan,2009,6.07
Maharashtra,2014,6.05
Telangana,2021,6.98
Rajasthan,2007,7.48
Madhya Pradesh,2005,7.46
Odisha,2006,6.23
Tamil Nadu,2017,8.34
Assam,2014,8.76
Jharkhand,2015,6.85
Uttar Pradesh,2013,6.19
Madhya Pradesh,2019,6.62
Maharashtra,2016,7.9
Odisha,2005,8.22
Assam,2008,8.78
Karnataka,2015,5.85
Rajasthan,2003,7.05
Karnataka,2006,5.83
Haryana,2024,8.84
Madhya Pradesh,2018,8.88
Maharashtra,2002,6.77
Odisha,2022,8.02
Odisha,2001,5.75
Haryana,2003,8.76
Telangana,2020,5.23
Assam,2014,6.96
Tamil Nadu,2018,7.9
Rajasthan,2019,6.27
Chhattisgarh,2000,4.78
Karnataka,2024,8.34
West Bengal,2023,5.28
Bihar,2024,7.13
Karnataka,2018,8.6
Rajasthan,2017,4.79
Rajasthan,2011,6.39
Karnataka,2008,5.89
Haryana,2009,4.93
Uttar Pradesh,2019,8.6
Odisha,2005,8.64
Jharkhand,2011,4.64
Tamil Nadu,2018,4.97
Jharkhand,2019,5.19
Madhya Pradesh,2015,4.46
Bihar,2003,4.7
Bihar,2013,6.16
Odisha,2008,5.19
Jharkhand,2006,8.87
Odisha,2019,8.63
Tamil Nadu,2023,4.23
Chhattisgarh,2004,5.11
Haryana,2015,6.58
Maharashtra,2001,6.86
Uttar Pradesh,2014,5.73
Haryana,2009,4.04
Odisha,2000,4.59
Karnataka,2019,5.68
Karnataka,2022,5.57
Rajasthan,2013,7.27
Haryana,2000,4.86
Jharkhand,2007,5.32
West Bengal,2016,6.14
Chhattisgarh,2005,7.68
Odisha,2005,7.29
Telangana,2014,8.64
Maharashtra,2006,8.0
Telangana,2023,4.02
Chhattisgarh,2022,7.15
Assam,2006,8.76
Madhya Pradesh,2023,4.66
Madhya Pradesh,2001,6.34
Gujarat,2005,4.06
Assam,2022,6.98
Karnataka,2015,8.14
Rajasthan,2012,7.62
Tamil Nadu,2003,5.17
Madhya Pradesh,2012,4.23
Maharashtra,2013,5.72
West Bengal,2020,8.26
West Bengal,2010,5.01
Karnataka,2006,6.23
Rajasthan,2003,7.5
Telangana,2008,6.8
Odisha,2013,5.31
Uttar Pradesh,2014,4.0
Bihar,2001,5.72
Madhya Pradesh,2022,5.25
Chhattisgarh,2016,8.13
Chhattisgarh,2019,7.7
Chhattisgarh,2012,4.1
Uttar Pradesh,2010,4.42
Uttar Pradesh,2007,6.89
Odisha,2009,7.78
Assam,2001,7.47
Rajasthan,2024,4.87
Madhya Pradesh,2008,8.41
Gujarat,2006,7.73
Karnataka,2016,8.6
Odisha,2011,7.02
Uttar Pradesh,2013,5.81
Assam,2018,4.55
Maharashtra,2019,6.3
Odisha,2023,4.54
Odisha,2024,6.11
Gujarat,2014,7.37
West Bengal,2021,4.53
Bihar,2014,8.12
Uttar Pradesh,2013,5.83
Assam,2003,8.74
Odisha,2024,4.25
Bihar,2011,6.2
Madhya Pradesh,2020,8.4
Madhya Pradesh,2005,4.86
Madhya Pradesh,2022,5.38
Jharkhand,2004,4.55
West Bengal,2010,8.03
Odisha,2007,5.29
Haryana,2017,4.34
Assam,2007,5.86
Telangana,2008,7.65
Haryana,2022,4.37
Karnataka,2000,8.43
Assam,2017,7.23
West Bengal,2010,8.07
Telangana,2023,7.71
Tamil Nadu,2012,4.13
Rajasthan,2016,7.74
Gujarat,2020,7.17
Telangana,2012,6.3
Bihar,2002,5.34
Chhattisgarh,2021,4.2
Assam,2007,7.76
Madhya Pradesh,2005,8.52
Bihar,2020,5.31
Assam,2004,6.79
Tamil Nadu,2003,7.41
Tamil Nadu,2004,8.65
Rajasthan,2023,6.06
West Bengal,2013,7.26
Assam,2005,6.84
Uttar Pradesh,2002,7.34
Odisha,2009,6.92
Bihar,2002,7.46
Tamil Nadu,2001,6.25
Jharkhand,2010,5.48
Chhattisgarh,2003,6.62
Odisha,2003,4.65
Rajasthan,2021,4.6
Haryana,2007,5.98
Karnataka,2018,6.88
West Bengal,2013,7.62
West Bengal,2006,5.52
Bihar,2022,6.29
Madhya Pradesh,2023,7.87
Assam,2020,5.69
Rajasthan,2010,7.17
Karnataka,2013,7.94
Karnataka,2014,8.29
Odisha,2000,6.74
Madhya Pradesh,2018,8.28
Assam,2021,8.16
Uttar Pradesh,2022,7.96
Bihar,2006,7.61
Tamil Nadu,2023,6.01
Madhya Pradesh,2018,8.08
Karnataka,2011,4.14
Gujarat,2011,6.37
Uttar Pradesh,2004,6.91
Madhya Pradesh,2021,6.56
Chhattisgarh,2018,7.0
Gujarat,2013,5.87
Rajasthan,2005,8.0
Madhya Pradesh,2014,7.68
Chhattisgarh,2017,8.96
Odisha,2014,6.95
Telangana,2020,6.6
Chhattisgarh,2013,5.43
Madhya Pradesh,2019,5.17
Karnataka,2004,4.18
Madhya Pradesh,2009,6.94
Madhya Pradesh,2005,5.18
Assam,2021,8.11
Gujarat,2007,5.9
Gujarat,2019,4.38
Rajasthan,2008,7.94
Tamil Nadu,2017,7.41
Rajasthan,2006,7.59
Madhya Pradesh,2008,6.21
Haryana,2007,5.14
Bihar,2002,5.39
Madhya Pradesh,2020,8.68
Karnataka,2001,5.53
Bihar,2000,7.32
Assam,2021,8.41
West Bengal,2004,6.35
Rajasthan,2024,4.94
Haryana,2011,8.04
West Bengal,2021,6.8
West Bengal,2001,8.26
Karnataka,2018,8.12
Jharkhand,2004,7.26
Odisha,2015,8.82
Chhattisgarh,2023,4.52
Maharashtra,2021,6.06
Uttar Pradesh,2023,4.17
Haryana,2024,4.33
Bihar,2014,4.23
Telangana,2018,5.5
Gujarat,2000,6.88
Uttar Pradesh,2014,4.42
Karnataka,2000,5.89
Odisha,2016,8.5
Haryana,2012,8.54
Chhattisgarh,2019,7.98
Haryana,2024,8.48
Haryana,2006,7.3
Assam,2003,7.97
Telangana,2015,6.97
West Bengal,2000,7.09
West Bengal,2012,6.34
Telangana,2024,7.61
Karnataka,2024,7.33
Karnataka,2015,8.37
Telangana,2014,8.1
Assam,2000,5.65
Assam,2006,5.6
Telangana,2000,8.25
Assam,2007,5.6
Madhya Pradesh,2010,6.1
Rajasthan,2019,8.8
Jharkhand,2021,4.66
Jharkhand,2009,8.93
Assam,2023,8.81
Madhya Pradesh,2019,4.64
Odisha,2010,6.65
Madhya Pradesh,2000,8.54
Maharashtra,2009,7.13
Gujarat,2002,5.85
Jharkhand,2020,7.09
West Bengal,2006,8.73
Rajasthan,2020,8.42
Madhya Pradesh,2023,8.42
Jharkhand,2007,8.76
Maharashtra,2022,7.34
Uttar Pradesh,2014,5.96
Madhya Pradesh,2020,5.12
Telangana,2014,6.67
Uttar Pradesh,2014,7.93
Maharashtra,2013,5.89
West Bengal,2024,4.8
Tamil Nadu,2009,8.38
Chhattisgarh,2002,8.98
Assam,2014,5.06
Rajasthan,2003,6.21
Gujarat,2019,4.49
West Bengal,2016,8.03
Uttar Pradesh,2005,6.31
Telangana,2017,8.68
Chhattisgarh,2016,4.59
West Bengal,2010,4.47
Uttar Pradesh,2011,6.92
Madhya Pradesh,2015,8.26
Madhya Pradesh,2015,4.47
Gujarat,2001,6.98
Haryana,2008,5.19
Tamil Nadu,2009,5.64
Gujarat,2018,6.38
Maharashtra,2015,7.22
Jharkhand,2005,4.42
Bihar,2017,8.09
Haryana,2011,6.54
Gujarat,2022,8.59
Tamil Nadu,2004,7.06
Karnataka,2010,6.02
Uttar Pradesh,2013,5.18
Maharashtra,2007,5.04
Uttar Pradesh,2005,8.21
Rajasthan,2020,5.22
Tamil Nadu,2000,8.05
Odisha,2012,7.03
Gujarat,2004,4.92
Madhya Pradesh,2009,8.49
Rajasthan,2018,7.07
Bihar,2022,4.93
Karnataka,2015,4.8
Chhattisgarh,2009,8.98
Madhya Pradesh,2013,4.1
Karnataka,2019,5.12
Haryana,2015,6.13
Jharkhand,2013,4.07
Maharashtra,2011,4.02
Assam,2005,4.38
Odisha,2018,8.52
Karnataka,2007,6.07
Rajasthan,2002,8.88
Telangana,2011,8.65
Rajasthan,2015,6.29
Maharashtra,2018,4.1
Jharkhand,2009,6.71
Chhattisgarh,2018,5.86
Odisha,2014,8.03
Telangana,2004,6.33
Jharkhand,2014,5.77
Bihar,2001,5.6
Uttar Pradesh,2001,8.76
Karnataka,2020,4.78
Madhya Pradesh,2008,7.52
Jharkhand,2017,6.17
Odisha,2010,4.36
Telangana,2000,8.18
Chhattisgarh,2003,4.62
Rajasthan,2013,5.43
Maharashtra,2011,7.56
Telangana,2005,7.42
Rajasthan,2006,7.48
Bihar,2016,6.9
Rajasthan,2011,6.15
Rajasthan,2023,4.01
Gujarat,2008,8.2
Chhattisgarh,2003,7.34
Bihar,2023,4.89
Maharashtra,2022,5.75
Maharashtra,2012,7.99
Madhya Pradesh,2002,7.36
Gujarat,2000,5.88
Haryana,2020,6.3
Gujarat,2018,4.91
Bihar,2015,7.26
Jharkhand,2022,8.21
Rajasthan,2019,7.43
Madhya Pradesh,2024,4.33
Odisha,2011,7.73
Tamil Nadu,2009,6.77
West Bengal,2023,5.3
Bihar,2015,8.84
Rajasthan,2015,5.55
Assam,2015,4.23
Tamil Nadu,2023,5.59
Chhattisgarh,2019,6.99
Bihar,2010,8.24
Bihar,2016,7.86
Assam,2004,6.93
Karnataka,2001,7.56
West Bengal,2002,5.7
Haryana,2011,8.46
Jharkhand,2018,7.61
Uttar Pradesh,2008,6.65
Uttar Pradesh,2015,7.26
Odisha,2003,6.21
West Bengal,2002,4.21
Karnataka,2005,8.88
Chhattisgarh,2001,7.99
West Bengal,2023,5.45
Gujarat,2024,6.93
Gujarat,2017,5.15
Uttar Pradesh,2022,6.45
Jharkhand,2019,5.52
Karnataka,2010,6.04
Maharashtra,2000,6.12
Madhya Pradesh,2024,4.14
Chhattisgarh,2021,5.6
Haryana,2010,4.65
Chhattisgarh,2011,6.93
Gujarat,2008,6.36
Haryana,2010,4.62
Rajasthan,2003,7.21
Uttar Pradesh,2008,7.52
Chhattisgarh,2003,6.97
Haryana,2019,5.48
Uttar Pradesh,2017,5.86
Maharashtra,2004,8.12
Tamil Nadu,2003,6.75
Odisha,2001,7.28
Chhattisgarh,2002,4.92
Uttar Pradesh,2023,4.14
Uttar Pradesh,2008,5.64
West Bengal,2014,5.34
Karnataka,2009,7.14
Assam,2016,4.84
Haryana,2017,6.08
Assam,2007,6.01
Rajasthan,2010,4.4
Assam,2012,8.08
Assam,2022,6.48
Haryana,2004,8.52
West Bengal,2023,5.64
Madhya Pradesh,2022,5.45
Jharkhand,2002,8.02
Jharkhand,2002,6.6
Tamil Nadu,2024,7.62
Madhya Pradesh,2007,5.34
West Bengal,2006,5.25
Bihar,2007,7.9
Madhya Pradesh,2011,5.66
Telangana,2004,6.9
Uttar Pradesh,2017,4.46
West Bengal,2017,6.22
Chhattisgarh,2016,7.03
Uttar Pradesh,2023,6.4
Odisha,2020,8.67
Karnataka,2004,8.98
Jharkhand,2001,4.66
West Bengal,2018,5.19
Jharkhand,2000,7.6
Assam,2014,7.75
Uttar Pradesh,2016,7.07
Maharashtra,2001,8.68
Uttar Pradesh,2004,6.48
Telangana,2017,8.55
Gujarat,2011,5.09
Chhattisgarh,2007,6.92
Bihar,2017,8.1
Karnataka,2003,8.34
Haryana,2014,6.52
Bihar,2009,6.11
Bihar,2007,7.83
Jharkhand,2002,7.25
Tamil Nadu,2013,8.68
Odisha,2015,6.47
Tamil Nadu,2015,5.0
Maharashtra,2012,4.9
Uttar Pradesh,2010,5.08
Madhya Pradesh,2020,8.45
West Bengal,2004,5.03
West Bengal,2012,7.1
Uttar Pradesh,2003,8.17
Odisha,2022,8.18
Uttar Pradesh,2014,6.79
Bihar,2003,8.37
Madhya Pradesh,2006,7.78
Maharashtra,2017,7.95
Karnataka,2017,4.79
Bihar,2007,4.21
Uttar Pradesh,2022,5.49
Bihar,2023,8.7
Odisha,2018,6.23
Gujarat,2010,7.64
Tamil Nadu,2007,4.78
Maharashtra,2017,5.81
Tamil Nadu,2023,6.65
Haryana,2003,5.24
Haryana,2022,4.35
Chhattisgarh,2019,7.32
Rajasthan,2014,6.61
Karnataka,2006,8.56
Haryana,2019,8.6
West Bengal,2018,6.04
West Bengal,2020,7.09
Madhya Pradesh,2006,4.64
Gujarat,2018,4.73
Bihar,2021,6.05
West Bengal,2018,7.86
Haryana,2005,6.91
Madhya Pradesh,2002,4.63
Bihar,2016,7.49
Bihar,2018,4.22
Maharashtra,2011,7.29
Rajasthan,2016,8.78
Madhya Pradesh,2000,6.51
Madhya Pradesh,2010,6.59
Gujarat,2015,6.64
West Bengal,2022,5.93
Jharkhand,2006,4.65
Chhattisgarh,2012,8.37
Bihar,2003,6.05
Chhattisgarh,2008,5.05
Bihar,2010,4.94
Jharkhand,2019,7.79
Chhattisgarh,2006,8.58
Madhya Pradesh,2024,6.17
Odisha,2023,8.78
Jharkhand,2008,8.47
Maharashtra,2013,4.46
Chhattisgarh,2009,6.46
Chhattisgarh,2016,4.9
Rajasthan,2012,6.74
West Bengal,2010,4.54
Maharashtra,2005,5.06
Jharkhand,2024,5.02
West Bengal,2022,5.12
Telangana,2002,8.92
Haryana,2014,7.36
Assam,2022,6.41
Jharkhand,2020,4.28
Karnataka,2007,7.27
Tamil Nadu,2016,5.53
Uttar Pradesh,2017,6.47
Chhattisgarh,2010,7.28
Telangana,2000,6.33
Chhattisgarh,2014,7.3
Odisha,2018,8.71
Karnataka,2010,5.86
Uttar Pradesh,2000,4.1
Tamil Nadu,2019,5.38
Rajasthan,2023,5.98
Tamil Nadu,2000,7.01
Chhattisgarh,2012,4.06
Odisha,2013,4.63
Rajasthan,2002,8.79
Madhya Pradesh,2001,6.32
West Bengal,2020,7.86
Bihar,2013,6.85
Karnataka,2002,8.53
Chhattisgarh,2001,5.11
Haryana,2014,5.66
Odisha,2013,7.04
Telangana,2024,6.13
Gujarat,2000,5.0
West Bengal,2014,4.64
Karnataka,2023,4.5
Telangana,2012,6.5
Jharkhand,2003,8.07
Chhattisgarh,2013,5.85
Gujarat,2018,8.76
Jharkhand,2008,6.8
Chhattisgarh,2017,5.28
Tamil Nadu,2003,6.04
West Bengal,2004,4.45
Haryana,2020,4.98
Jharkhand,2009,5.97
Gujarat,2007,8.19
Bihar,2023,5.08
Madhya Pradesh,2009,8.52
Telangana,2005,5.39
Chhattisgarh,2012,4.7
Haryana,2002,6.05
Rajasthan,2020,6.64
Karnataka,2017,4.21
West Bengal,2000,4.73
Gujarat,2016,8.2
Bihar,2011,7.51
Chhattisgarh,2017,8.52
Karnataka,2016,5.19
West Bengal,2010,5.29
Telangana,2021,6.13
Telangana,2001,5.51
Telangana,2009,7.37
Odisha,2021,6.45
Jharkhand,2007,6.49
Odisha,2001,8.12
Telangana,2005,6.99
Madhya Pradesh,2002,4.44
Telangana,2009,4.34
Madhya Pradesh,2020,8.53
Maharashtra,2009,4.38
Telangana,2008,5.72
Odisha,2004,8.37
Karnataka,2023,8.07
Karnataka,2018,7.81
Jharkhand,2000,6.95
Odisha,2002,6.06
Telangana,2004,7.17
Gujarat,2024,4.74
Odisha,2015,6.11
Rajasthan,2009,4.19
Haryana,2003,8.85
Karnataka,2009,7.61
Karnataka,2021,8.15
Telangana,2020,6.69
Jharkhand,2000,4.33
Rajasthan,2022,6.05
Karnataka,2004,5.91
Chhattisgarh,2000,8.28
Tamil Nadu,2017,7.73
Chhattisgarh,2017,4.79
Bihar,2005,6.53
Tamil Nadu,2013,8.1
Uttar Pradesh,2019,5.77
Gujarat,2012,5.07
Haryana,2018,7.92
Karnataka,2006,5.97
Karnataka,2024,7.36
Chhattisgarh,2002,5.62
Chhattisgarh,2006,4.94
Jharkhand,2020,4.19
West Bengal,2006,7.09
Karnataka,2007,8.12
Jharkhand,2004,6.9
Haryana,2009,6.3
Jharkhand,2020,4.34
Chhattisgarh,2006,7.95
Bihar,2023,7.42
Uttar Pradesh,2000,4.59
Assam,2023,7.67
Gujarat,2019,6.05
Karnataka,2022,6.44
Jharkhand,2017,4.12
Rajasthan,2017,7.34
Rajasthan,2011,4.3
Karnataka,2021,5.72
Gujarat,2013,5.43
Assam,2004,7.39
Telangana,2018,6.65
Gujarat,2011,4.41
Gujarat,2003,6.42
Maharashtra,2003,8.28
Haryana,2008,7.5
West Bengal,2017,8.43
Gujarat,2017,7.44
West Bengal,2010,4.07
Telangana,2009,7.91
Maharashtra,2011,5.14
Odisha,2017,8.98
Odisha,2011,8.6
Rajasthan,2014,5.73
Karnataka,2013,6.18
Gujarat,2008,5.62
Karnataka,2002,6.69
Assam,2022,5.2
Madhya Pradesh,2021,8.78
Assam,2005,7.88
Uttar Pradesh,2003,7.58
Karnataka,2020,5.53
Assam,2001,6.71
Maharashtra,2019,4.98
Telangana,2013,7.85
Gujarat,2021,6.46
Gujarat,2004,8.5
Haryana,2008,4.68
Gujarat,2014,8.4
Chhattisgarh,2007,5.68
Haryana,2008,6.48
West Bengal,2024,8.15
Madhya Pradesh,2004,6.77
Haryana,2008,6.04
Gujarat,2023,4.66
Uttar Pradesh,2003,7.25
Assam,2010,7.97
Uttar Pradesh,2001,9.0
Karnataka,2003,6.33
Karnataka,2022,5.0
Bihar,2015,8.59
Gujarat,2023,7.77
Gujarat,2002,8.52
Chhattisgarh,2002,7.51
Jharkhand,2017,5.96
Assam,2007,6.46
Chhattisgarh,2008,6.42
Assam,2005,7.95
Odisha,2004,6.04
Chhattisgarh,2021,4.81
Madhya Pradesh,2004,7.85
Rajasthan,2004,6.99
Telangana,2008,8.29
Maharashtra,2009,4.83
Gujarat,2022,4.74
Assam,2022,5.36
West Bengal,2024,5.46
Assam,2001,6.06
Uttar Pradesh,2023,8.49
Maharashtra,2008,8.4
Tamil Nadu,2014,4.1
Telangana,2009,7.11
Odisha,2017,7.16
Jharkhand,2012,6.87
Chhattisgarh,2020,5.06
Madhya Pradesh,2006,7.45
Jharkhand,2002,5.24
Odisha,2002,7.14
Jharkhand,2009,8.18
Telangana,2001,5.5
Bihar,2008,8.55
Assam,2021,4.33
Gujarat,2013,4.07
Gujarat,2024,4.9
Madhya Pradesh,2003,8.28
Rajasthan,2019,7.76
Jharkhand,2023,8.14
Telangana,2004,4.67
Tamil Nadu,2002,4.52
Jharkhand,2014,6.91
Odisha,2005,4.78
West Bengal,2007,4.94
Rajasthan,2007,6.24
Odisha,2013,5.88
Tamil Nadu,2000,7.62
Rajasthan,2014,7.09
Odisha,2014,4.7
Chhattisgarh,2015,7.66
Jharkhand,2013,6.72
Madhya Pradesh,2019,5.97
Rajasthan,2009,6.36
Telangana,2009,6.0
Madhya Pradesh,2022,5.95
Karnataka,2010,8.03
Haryana,2007,7.39
Karnataka,2004,5.21
Rajasthan,2002,5.78
Bihar,2005,5.68
Tamil Nadu,2013,7.54
Telangana,2012,4.78
Madhya Pradesh,2014,8.84
West Bengal,2002,7.28
Gujarat,2000,7.8
Rajasthan,2005,4.16
Uttar Pradesh,2013,5.15
Tamil Nadu,2023,7.58
Rajasthan,2007,5.85
Bihar,2020,5.57
Haryana,2014,6.65
Madhya Pradesh,2012,6.17
Tamil Nadu,2002,8.59
Odisha,2016,6.64
Uttar Pradesh,2024,6.21
Chhattisgarh,2024,5.88
Karnataka,2017,5.53
Odisha,2014,8.95
Uttar Pradesh,2021,6.38
Odisha,2021,6.56
Odisha,2012,4.89
Maharashtra,2004,5.97
Bihar,2007,4.01
Karnataka,2004,7.32
Haryana,2001,7.78
Chhattisgarh,2022,8.79
West Bengal,2009,6.99
Jharkhand,2004,7.66
Maharashtra,2010,5.32
Karnataka,2015,7.75
Odisha,2005,7.33
Odisha,2003,4.22
Rajasthan,2008,4.61
Gujarat,2018,7.1
Assam,2015,5.81
Bihar,2006,6.6
Assam,2008,5.28
Gujarat,2012,6.5
Chhattisgarh,2016,8.44
Karnataka,2007,4.91
Madhya Pradesh,2002,7.32
Odisha,2002,4.35
Maharashtra,2022,5.37
Karnataka,2020,4.46
Chhattisgarh,2008,5.27
Telangana,2023,6.18
Haryana,2011,5.31
Maharashtra,2007,4.43
Odisha,2014,4.18
Maharashtra,2024,4.9
Jharkhand,2013,4.62
Odisha,2008,8.68
Haryana,2023,5.65
Haryana,2000,8.73
Bihar,2007,5.59
Rajasthan,2003,6.91
West Bengal,2007,7.81
Chhattisgarh,2013,8.53
Jharkhand,2020,8.14
Gujarat,2002,8.37
Madhya Pradesh,2021,8.15
Rajasthan,2007,6.2
Karnataka,2014,8.52
Madhya Pradesh,2012,4.47
Karnataka,2004,4.01
Karnataka,2011,6.22
Odisha,2008,6.06
Haryana,2018,6.45
Rajasthan,2004,8.9
Uttar Pradesh,2015,8.76
Uttar Pradesh,2014,7.91
Karnataka,2013,7.39
Bihar,2011,4.5
Bihar,2007,5.81
Uttar Pradesh,2001,8.31
Jharkhand,2017,4.84
Rajasthan,2009,4.49
Assam,2001,4.83
Jharkhand,2000,6.63
Chhattisgarh,2010,6.88
Bihar,2016,6.6
Bihar,2006,7.17
Gujarat,2023,7.46
Karnataka,2021,5.89
West Bengal,2023,4.77
Madhya Pradesh,2011,6.06
Gujarat,2012,7.4
Haryana,2012,4.91
Jharkhand,2002,4.51
Chhattisgarh,2009,8.93
Uttar Pradesh,2006,4.91
Uttar Pradesh,2001,5.64
Telangana,2018,6.07
Rajasthan,2020,8.74
Madhya Pradesh,2005,8.67
Rajasthan,2016,8.34
Assam,2011,6.52
Haryana,2010,7.23
Assam,2008,4.73
Telangana,2019,8.86
Haryana,2011,7.31
West Bengal,2002,7.75
Jharkhand,2008,8.24
Chhattisgarh,2009,7.88
West Bengal,2010,5.86
Maharashtra,2014,8.26
Assam,2022,8.32
Chhattisgarh,2004,4.82
Maharashtra,2007,4.02
Tamil Nadu,2004,5.76
Chhattisgarh,2022,6.9
West Bengal,2018,7.79
Karnataka,2003,4.13
Karnataka,2003,5.35
Telangana,2019,4.57
Assam,2014,7.73
Odisha,2005,7.1
Tamil Nadu,2011,8.21
Haryana,2003,6.52
Jharkhand,2008,7.94
Chhattisgarh,2014,8.96
West Bengal,2023,7.39
Karnataka,2006,5.4
Tamil Nadu,2013,5.94
Madhya Pradesh,2015,6.48
Uttar Pradesh,2007,8.83
Assam,2015,5.55
Madhya Pradesh,2011,5.9
Uttar Pradesh,2002,4.66
Assam,2004,4.28
Rajasthan,2018,5.36
Telangana,2000,7.26
West Bengal,2005,6.53
Chhattisgarh,2016,7.22
Maharashtra,2019,8.87
Rajasthan,2000,4.41
Haryana,2017,8.08
West Bengal,2010,4.93
Karnataka,2020,4.83
Madhya Pradesh,2001,6.43
Madhya Pradesh,2001,5.31
Chhattisgarh,2007,5.46
Chhattisgarh,2012,4.76
Telangana,2001,6.59
Uttar Pradesh,2010,8.11
Bihar,2022,5.5
Madhya Pradesh,2008,7.31
Rajasthan,2013,5.61
Madhya Pradesh,2010,8.13
Haryana,2012,8.81
Maharashtra,2007,7.34
Haryana,2000,6.04
Bihar,2001,7.06
Uttar Pradesh,2006,6.8
Tamil Nadu,2011,6.7
Uttar Pradesh,2022,8.06
Telangana,2004,6.99
Odisha,2018,5.3
Odisha,2015,5.42
Odisha,2011,5.2
Madhya Pradesh,2021,8.25
Chhattisgarh,2018,8.6
Telangana,2016,4.24
Odisha,2013,4.1
Gujarat,2016,7.09
Tamil Nadu,2011,4.76
Gujarat,2011,8.64
Jharkhand,2022,6.08
Jharkhand,2002,5.65
Bihar,2001,8.08
Chhattisgarh,2003,8.53
Maharashtra,2021,4.05
Bihar,2009,8.7
Uttar Pradesh,2001,4.19
Bihar,2000,7.86
Telangana,2003,8.75
Uttar Pradesh,2007,5.21
Uttar Pradesh,2008,6.44
Rajasthan,2013,4.53
Maharashtra,2000,6.13
Karnataka,2009,8.32
Odisha,2017,5.48
Maharashtra,2007,4.26
Odisha,2010,4.86
Madhya Pradesh,2002,6.95
Jharkhand,2019,8.91
Karnataka,2011,7.38
Maharashtra,2004,6.97
Assam,2001,4.08
Jharkhand,2012,7.01
Chhattisgarh,2017,6.7
Chhattisgarh,2019,7.72
Bihar,2009,7.08
Chhattisgarh,2009,6.04
West Bengal,2010,4.88
West Bengal,2021,5.37
Tamil Nadu,2015,5.14
Madhya Pradesh,2006,8.18
Assam,2014,6.53
Assam,2022,7.26
Madhya Pradesh,2015,6.08
Maharashtra,2003,7.52
Uttar Pradesh,2007,7.34
Odisha,2018,4.72
Rajasthan,2017,6.11
West Bengal,2019,4.64
Bihar,2020,5.69
Assam,2013,4.07
Rajasthan,2017,7.46
Odisha,2015,4.29
Rajasthan,2005,4.42
Rajasthan,2020,6.1
Odisha,2013,7.18
Rajasthan,2014,8.11
Bihar,2000,7.12
Bihar,2013,4.31
Haryana,2001,8.14
Gujarat,2003,8.04
Madhya Pradesh,2002,6.93
Rajasthan,2010,4.87
Odisha,2012,8.61
Gujarat,2012,7.48
Gujarat,2017,7.44
Madhya Pradesh,2009,8.12
Odisha,2020,5.02
Uttar Pradesh,2009,4.49
West Bengal,2007,7.69
Karnataka,2017,4.18
Telangana,2017,6.83
West Bengal,2021,4.84
Maharashtra,2016,5.85
Maharashtra,2010,7.94
Chhattisgarh,2007,5.15
Uttar Pradesh,2000,5.12
Chhattisgarh,2005,4.0
Gujarat,2021,7.75
Rajasthan,2022,5.64
Chhattisgarh,2015,4.3
Maharashtra,2002,6.92
Jharkhand,2011,5.84
Bihar,2011,5.62
Gujarat,2020,4.17
Jharkhand,2013,8.97
Uttar Pradesh,2020,4.97
Maharashtra,2006,8.54
Rajasthan,2018,6.17
Tamil Nadu,2019,8.66
Assam,2013,5.48
Haryana,2002,7.77
Haryana,2007,5.46
Assam,2001,5.95
Bihar,2010,6.45
Jharkhand,2021,8.14
Maharashtra,2016,6.77
Karnataka,2012,8.9
Madhya Pradesh,2002,5.46
Madhya Pradesh,2019,8.76
Assam,2001,5.53
Telangana,2008,7.35
Rajasthan,2008,7.51
Gujarat,2012,5.68
Madhya Pradesh,2010,5.32
Assam,2020,8.29
Rajasthan,2023,7.6
Rajasthan,2022,4.98
Uttar Pradesh,2001,6.22
Bihar,2015,8.04
Telangana,2006,4.74
Chhattisgarh,2009,7.71
Assam,2012,7.17
Maharashtra,2016,6.98
Bihar,2020,4.37
Bihar,2016,7.53
Karnataka,2001,8.74
Karnataka,2004,4.6
Jharkhand,2018,4.29
Jharkhand,2019,6.66
Telangana,2022,6.23
Telangana,2003,8.97
Karnataka,2012,5.85
Assam,2012,4.15
Telangana,2007,7.91
Odisha,2013,7.09
West Bengal,2010,7.27
Assam,2000,5.49
West Bengal,2023,4.62
Tamil Nadu,2009,7.96
Rajasthan,2010,7.63
Chhattisgarh,2005,6.56
Maharashtra,2018,7.41
Rajasthan,2008,5.63
Odisha,2011,8.61
Chhattisgarh,2006,5.83
Jharkhand,2020,5.83
Rajasthan,2001,8.64
Jharkhand,2013,8.05
Chhattisgarh,2006,6.58
West Bengal,2011,7.15
Odisha,2004,7.33
Rajasthan,2004,5.22
Tamil Nadu,2020,5.62
Karnataka,2013,5.48
Uttar Pradesh,2018,8.71
Assam,2000,8.93
Madhya Pradesh,2005,4.52
West Bengal,2010,5.01
Jharkhand,2023,5.82
Madhya Pradesh,2003,8.55
Rajasthan,2010,5.24
Uttar Pradesh,2014,5.71
Karnataka,2008,4.95
Maharashtra,2009,7.44
Bihar,2023,5.7
Telangana,2012,5.96
Maharashtra,2015,7.34
Gujarat,2018,4.71
Uttar Pradesh,2023,6.02
Uttar Pradesh,2009,6.7
Telangana,2006,5.06
Jharkhand,2022,4.01
Maharashtra,2010,8.99
West Bengal,2014,7.83
Gujarat,2008,7.38
Jharkhand,2008,7.27
Maharashtra,2019,5.92
Telangana,2006,8.59
Karnataka,2018,5.66
Odisha,2020,7.85
Karnataka,2012,7.42
Jharkhand,2008,8.54
Tamil Nadu,2020,4.66
Maharashtra,2014,7.13
Maharashtra,2020,4.43
Chhattisgarh,2007,8.81
Telangana,2015,6.04
West Bengal,2012,5.9
Uttar Pradesh,2021,7.49
Jharkhand,2001,8.4
Gujarat,2022,7.49
Karnataka,2008,7.58
Uttar Pradesh,2011,7.02
Rajasthan,2012,7.84
Karnataka,2010,8.97
Madhya Pradesh,2012,6.62
Assam,2014,4.92
Rajasthan,2018,8.47
Chhattisgarh,2005,7.61
Karnataka,2006,4.82
Tamil Nadu,2022,7.31
Assam,2000,4.67
Tamil Nadu,2003,4.9
Madhya Pradesh,2016,8.49
Gujarat,2024,4.27
Uttar Pradesh,2011,8.36
Haryana,2006,8.55
Rajasthan,2017,8.57
Maharashtra,2024,5.96
Bihar,2002,7.93
Odisha,2014,4.58
Jharkhand,2018,6.0
Tamil Nadu,2004,8.34
Madhya Pradesh,2017,6.22
Madhya Pradesh,2008,4.47
Chhattisgarh,2007,6.55
Uttar Pradesh,2019,7.38
Madhya Pradesh,2003,5.52
Assam,2021,4.14
Assam,2022,5.84
Telangana,2010,8.69
Jharkhand,2018,7.66
Maharashtra,2018,5.07
Jharkhand,2006,7.89
Bihar,2008,4.4
Gujarat,2021,8.2
Odisha,2009,6.6
Telangana,2021,8.04
Haryana,2000,6.42
West Bengal,2017,4.79
Haryana,2023,8.07
Uttar Pradesh,2021,8.56
Tamil Nadu,2019,5.28
Odisha,2023,8.01
Uttar Pradesh,2017,5.42
Rajasthan,2022,7.11
West Bengal,2014,7.55
Telangana,2001,8.08
Jharkhand,2016,4.55
Uttar Pradesh,2015,6.36
Chhattisgarh,2003,7.92
Haryana,2010,8.94
Maharashtra,2023,7.12
West Bengal,2006,6.63
Haryana,2006,7.52
Gujarat,2009,7.7
Uttar Pradesh,2015,5.05
West Bengal,2007,7.89
Madhya Pradesh,2001,5.02
Jharkhand,2009,4.91
West Bengal,2002,8.37
Odisha,2021,6.54
Jharkhand,2022,6.3
Uttar Pradesh,2012,8.21
Karnataka,2013,8.87
West Bengal,2003,5.21
Maharashtra,2014,7.09
Rajasthan,2024,8.68
West Bengal,2006,8.89
Chhattisgarh,2011,6.47
Maharashtra,2016,6.04
Gujarat,2016,6.24
Maharashtra,2006,5.25
Uttar Pradesh,2021,6.43
West Bengal,2000,4.14
Telangana,2021,6.42
Karnataka,2014,6.05
Uttar Pradesh,2012,5.93
Tamil Nadu,2010,6.42
Tamil Nadu,2001,4.72
Maharashtra,2011,5.75
Karnataka,2011,8.88
Odisha,2012,7.16
Maharashtra,2003,8.89
Assam,2008,6.34
Jharkhand,2010,4.55
Karnataka,2004,8.13
Karnataka,2023,5.95
Gujarat,2020,4.17
Karnataka,2021,7.57
Telangana,2007,5.53
Madhya Pradesh,2016,8.43
Odisha,2010,5.47
Chhattisgarh,2020,4.85
Maharashtra,2004,6.01
Odisha,2000,6.05
Jharkhand,2006,5.12
Rajasthan,2005,7.12
Chhattisgarh,2002,4.01
Maharashtra,2006,6.41
West Bengal,2018,4.87
Telangana,2011,4.35
Gujarat,2017,4.82
Chhattisgarh,2006,4.23
Madhya Pradesh,2019,8.62
Gujarat,2001,4.73
Assam,2003,8.45
Bihar,2009,4.82
Bihar,2005,8.81
Maharashtra,2005,7.6
Uttar Pradesh,2023,7.25
Maharashtra,2012,8.27
Haryana,2023,7.63
West Bengal,2018,6.04
Chhattisgarh,2019,6.75
Bihar,2016,5.85
Assam,2004,6.13
Maharashtra,2000,7.73
Jharkhand,2017,7.45
Uttar Pradesh,2018,4.99
Uttar Pradesh,2021,5.56
Chhattisgarh,2004,5.18
Chhattisgarh,2010,7.17
West Bengal,2021,6.31
Gujarat,2022,6.88
Gujarat,2003,5.02
Tamil Nadu,2017,5.67
Madhya Pradesh,2005,5.39
Assam,2012,6.37
West Bengal,2003,5.66
Rajasthan,2011,7.18
Uttar Pradesh,2006,7.95
Bihar,2017,6.85
Odisha,2018,4.75
Tamil Nadu,2002,5.77
Jharkhand,2017,5.02
Assam,2003,4.39
Haryana,2018,4.62
Karnataka,2013,4.75
Telangana,2016,6.8
Tamil Nadu,2009,6.81
Assam,2004,8.51
Maharashtra,2024,6.96
Tamil Nadu,2000,6.9
Haryana,2015,4.98
Chhattisgarh,2016,8.14
Assam,2011,6.74
Assam,2001,7.93
Bihar,2006,5.34
Karnataka,2018,5.32
Haryana,2020,6.75
Bihar,2021,5.53
Telangana,2005,4.43
West Bengal,2013,8.83
Tamil Nadu,2015,6.48
Telangana,2012,8.89
Uttar Pradesh,2017,8.21
Bihar,2020,4.53
Gujarat,2004,4.26
Tamil Nadu,2003,8.63
Maharashtra,2007,4.72
Assam,2009,7.05
Tamil Nadu,2024,5.63
Assam,2024,7.79
Bihar,2015,8.38
Maharashtra,2015,4.78
Maharashtra,2020,8.99
West Bengal,2019,5.51
Rajasthan,2012,5.56
Maharashtra,2000,8.73
Bihar,2005,8.0
Uttar Pradesh,2000,4.68
West Bengal,2004,4.22
Tamil Nadu,2003,6.4
Madhya Pradesh,2004,6.07
Madhya Pradesh,2003,8.34
West Bengal,2014,8.94
Jharkhand,2019,6.1
Tamil Nadu,2016,4.28
Telangana,2011,5.79
Gujarat,2020,8.22
Uttar Pradesh,2014,8.36
Rajasthan,2001,5.24
Tamil Nadu,2014,7.12
Karnataka,2017,5.39
Maharashtra,2014,7.05
Chhattisgarh,2007,8.47
Telangana,2015,8.48
Karnataka,2002,5.35
Uttar Pradesh,2009,6.21
Odisha,2024,5.92
Gujarat,2009,6.76
Chhattisgarh,2002,4.59
West Bengal,2008,5.36
Chhattisgarh,2004,8.03
Odisha,2004,8.47
Bihar,2013,4.82
Assam,2012,4.03
Maharashtra,2021,7.72
Telangana,2018,8.82
Haryana,2024,6.16
Madhya Pradesh,2016,4.01
West Bengal,2007,7.5
Jharkhand,2013,8.83
Madhya Pradesh,2019,6.76
Karnataka,2010,6.38
Haryana,2012,7.53
Gujarat,2016,6.07
Odisha,2019,8.68
Gujarat,2010,5.73
Gujarat,2007,5.09
West Bengal,2010,5.97
Karnataka,2004,8.81
Madhya Pradesh,2018,7.81
Karnataka,2021,8.02
West Bengal,2016,7.27
Karnataka,2002,5.26
Jharkhand,2021,5.94
West Bengal,2006,4.14
Odisha,2016,7.62
Tamil Nadu,2011,4.47
Assam,2011,6.8
Jharkhand,2020,5.63
Madhya Pradesh,2021,8.96
West Bengal,2000,4.23
Jharkhand,2014,4.54
Gujarat,2019,5.39
Odisha,2007,5.15
Rajasthan,2018,7.65
Madhya Pradesh,2011,8.49
Maharashtra,2012,5.41
Bihar,2021,5.92
Assam,2022,4.68
Gujarat,2021,8.09
Jharkhand,2007,5.9
West Bengal,2020,4.1
Chhattisgarh,2003,7.9
Telangana,2013,7.14
West Bengal,2013,6.6
Odisha,2016,5.31
Uttar Pradesh,2009,8.67
West Bengal,2016,6.76
Rajasthan,2015,7.48
Karnataka,2023,6.79
Assam,2010,6.84
Gujarat,2020,8.65
Maharashtra,2021,6.28
Bihar,2007,8.71
Uttar Pradesh,2002,4.83
Haryana,2004,7.68
Tamil Nadu,2021,8.08
Rajasthan,2000,5.75
Maharashtra,2019,6.89
Assam,2018,6.62
Assam,2007,4.85
Uttar Pradesh,2018,4.81
Telangana,2017,7.35
Uttar Pradesh,2013,6.38
Haryana,2013,7.43
Assam,2016,4.29
Karnataka,2000,4.28
Chhattisgarh,2017,5.4
Odisha,2013,5.82
Maharashtra,2001,5.68
Assam,2016,8.66
Haryana,2011,4.6
Madhya Pradesh,2008,8.03
Maharashtra,2008,8.87
Bihar,2006,7.56
Jharkhand,2002,6.44
Assam,2003,8.59
Odisha,2006,6.67
Maharashtra,2001,4.34
Bihar,2001,6.05
Bihar,2010,7.83
Maharashtra,2022,8.48
Madhya Pradesh,2010,7.84
Gujarat,2011,4.14
Rajasthan,2010,5.46
Bihar,2001,6.31
Bihar,2016,5.24
Chhattisgarh,2023,6.48
Tamil Nadu,2012,4.52
Chhattisgarh,2012,6.34
Jharkhand,2023,5.91
Gujarat,2009,6.59
Rajasthan,2011,5.38
Madhya Pradesh,2023,4.54
Rajasthan,2017,8.32
Assam,2008,7.22
Madhya Pradesh,2006,7.62
Karnataka,2004,4.79
Telangana,2024,7.46
Jharkhand,2001,8.76
Jharkhand,2001,5.33
Tamil Nadu,2003,8.19
Gujarat,2018,7.6
Jharkhand,2009,7.61
Madhya Pradesh,2005,6.58
Tamil Nadu,2011,5.34
Bihar,2006,4.93
Jharkhand,2024,7.21
Uttar Pradesh,2001,8.9
Karnataka,2007,6.39
Maharashtra,2000,8.44
Maharashtra,2010,6.42
Odisha,2013,6.46
Maharashtra,2009,7.29
Karnataka,2023,8.53
Jharkhand,2001,4.22
West Bengal,2009,4.7
Maharashtra,2020,8.28
Maharashtra,2011,8.05
Assam,2013,8.31
Haryana,2021,4.91
Tamil Nadu,2018,6.59
Uttar Pradesh,2003,4.63
Assam,2010,8.26
Haryana,2005,6.76
Tamil Nadu,2012,4.16
Telangana,2016,6.54
Chhattisgarh,2017,8.23
Madhya Pradesh,2021,7.92
Maharashtra,2019,4.19
Chhattisgarh,2015,4.39
Jharkhand,2021,7.2
West Bengal,2008,4.7
West Bengal,2013,5.81
Rajasthan,2001,6.69
Odisha,2014,8.74
Odisha,2016,4.1
Telangana,2007,6.9
Maharashtra,2010,8.18
Tamil Nadu,2007,5.18
Odisha,2017,7.78
Assam,2007,5.29
Rajasthan,2015,8.34
Maharashtra,2012,8.48
Rajasthan,2012,4.28
Jharkhand,2007,6.55
Tamil Nadu,2014,4.1
Haryana,2019,6.02
Odisha,2004,4.95
Uttar Pradesh,2001,5.53
Rajasthan,2018,7.57
Maharashtra,2017,5.48
Assam,2002,6.86
Chhattisgarh,2016,7.99
Jharkhand,2001,5.18
Rajasthan,2005,6.19
Maharashtra,2007,4.75
Madhya Pradesh,2023,5.27
Uttar Pradesh,2009,8.32
West Bengal,2017,5.36
Maharashtra,2002,6.05
Uttar Pradesh,2002,8.91
West Bengal,2017,5.24
Chhattisgarh,2007,4.37
Gujarat,2005,8.55
Gujarat,2018,6.91
Assam,2018,4.31
West Bengal,2003,8.76
West Bengal,2003,6.44
Jharkhand,2019,5.58
Haryana,2010,4.12
Gujarat,2000,8.06
Madhya Pradesh,2006,5.58
Telangana,2001,7.57
Karnataka,2008,7.98
Telangana,2010,7.62
Jharkhand,2021,8.09
Rajasthan,2004,7.08
West Bengal,2008,8.81
Chhattisgarh,2007,7.47
Rajasthan,2019,6.85
Karnataka,2004,6.22
Chhattisgarh,2014,4.74
Gujarat,2007,7.23
Telangana,2000,7.58
Uttar Pradesh,2023,6.42
Haryana,2021,7.65
Telangana,2000,7.74
Tamil Nadu,2000,4.29
Karnataka,2002,4.38
Jharkhand,2017,6.13
Uttar Pradesh,2000,7.19
Madhya Pradesh,2018,5.88
West Bengal,2022,5.61
Maharashtra,2019,4.0
Bihar,2013,6.23
Gujarat,2011,5.09
Haryana,2013,7.47
Chhattisgarh,2005,4.6
Rajasthan,2011,6.03
Rajasthan,2003,5.8
Rajasthan,2023,8.28
Gujarat,2016,7.4
Uttar Pradesh,2000,8.55
Bihar,2023,8.39
Maharashtra,2011,6.98
Odisha,2015,8.32
Odisha,2019,5.87
Tamil Nadu,2024,4.6
Madhya Pradesh,2016,7.81
Assam,2017,6.68
West Bengal,2020,5.07
Chhattisgarh,2024,7.24
Assam,2004,8.98
Tamil Nadu,2019,6.45
Tamil Nadu,2010,8.15
Assam,2021,5.73
Odisha,2000,8.42
Chhattisgarh,2012,6.79
Jharkhand,2003,4.01
Haryana,2010,8.95
Tamil Nadu,2010,7.68
Jharkhand,2013,5.16
Assam,2006,6.21
Madhya Pradesh,2015,7.27
Maharashtra,2012,7.31
Rajasthan,2004,5.0
Karnataka,2021,4.8
Telangana,2005,5.12
Rajasthan,2022,7.38
Chhattisgarh,2014,6.3
West Bengal,2002,5.01
Bihar,2021,8.44
Maharashtra,2008,8.11
Madhya Pradesh,2018,6.08
Chhattisgarh,2014,5.15
Haryana,2000,8.78
Telangana,2002,8.21
Tamil Nadu,2011,8.5
Madhya Pradesh,2002,6.78
Jharkhand,2018,4.45
Maharashtra,2005,8.42
Jharkhand,2011,4.98
Maharashtra,2012,7.85
Telangana,2001,6.99
Chhattisgarh,2006,5.18
Chhattisgarh,2023,6.93
Madhya Pradesh,2015,4.19
Karnataka,2017,5.69
Tamil Nadu,2006,4.16
Uttar Pradesh,2019,6.26
Chhattisgarh,2004,4.49
Jharkhand,2017,7.7
West Bengal,2018,6.88
Haryana,2014,7.56
Maharashtra,2019,5.16
Maharashtra,2010,7.1
Karnataka,2020,6.27
Maharashtra,2007,4.91
Bihar,2011,5.54
Assam,2001,6.69
Gujarat,2003,5.53
Jharkhand,2017,7.82
Rajasthan,2002,5.83
West Bengal,2023,5.37
Uttar Pradesh,2019,6.61
Rajasthan,2023,8.7
Rajasthan,2024,7.36
Chhattisgarh,2003,5.98
Telangana,2009,7.54
West Bengal,2022,5.19
Maharashtra,2023,8.48
Telangana,2019,4.74
Jharkhand,2009,5.86
Odisha,2003,5.45
Maharashtra,2010,8.22
Gujarat,2021,8.85
Uttar Pradesh,2015,5.57
West Bengal,2020,4.97
Rajasthan,2012,6.72
Tamil Nadu,2008,5.05
Odisha,2022,8.99
Assam,2003,8.92
Telangana,2011,7.79
Chhattisgarh,2009,5.54
Maharashtra,2021,5.03
West Bengal,2000,5.83
Gujarat,2023,5.52
Karnataka,2017,7.27
West Bengal,2013,4.95
Chhattisgarh,2016,7.2
Chhattisgarh,2009,7.67
Telangana,2022,7.47
Assam,2009,7.28
Bihar,2023,7.45
Gujarat,2012,6.62
Jharkhand,2017,7.72
Gujarat,2024,8.59
Uttar Pradesh,2019,8.17
Bihar,2023,6.3
Assam,2024,5.58
Assam,2024,7.19
Bihar,2014,5.14
Chhattisgarh,2024,5.19
West Bengal,2016,8.77
Odisha,2015,7.04
Karnataka,2000,6.38
Assam,2024,8.22
Odisha,2023,7.13
Uttar Pradesh,2004,7.1
Assam,2013,4.3
Haryana,2017,4.22
Telangana,2015,8.47
Telangana,2003,7.42
Assam,2020,6.33
Uttar Pradesh,2024,8.23
Odisha,2007,7.24
Tamil Nadu,2017,7.98
Rajasthan,2002,6.87
Gujarat,2015,6.77
Assam,2022,6.99
Haryana,2018,5.73
Odisha,2013,6.76
Haryana,2009,4.84
Chhattisgarh,2018,8.06
Chhattisgarh,2023,8.81
Jharkhand,2004,4.86
Telangana,2007,8.21
Uttar Pradesh,2020,7.9
Rajasthan,2004,7.18
Madhya Pradesh,2020,8.41
Karnataka,2009,8.69
Odisha,2021,6.86
Bihar,2003,7.21
Karnataka,2010,4.37
West Bengal,2008,5.92
Haryana,2001,4.99
West Bengal,2008,8.41
Bihar,2018,7.53
Gujarat,2008,6.62
Rajasthan,2022,5.87
Maharashtra,2020,8.04
Tamil Nadu,2002,5.31
Uttar Pradesh,2003,8.91
Gujarat,2018,7.54
Telangana,2004,7.77
Jharkhand,2007,7.64
Bihar,2006,4.51
Haryana,2011,5.87
Jharkhand,2019,8.55
Tamil Nadu,2008,6.91
Bihar,2012,5.93
Telangana,2024,6.16
Madhya Pradesh,2014,7.05
Gujarat,2017,8.07
Telangana,2004,5.83
Odisha,2023,4.39
West Bengal,2001,6.99
Tamil Nadu,2010,7.76
Telangana,2024,8.23
Bihar,2015,5.98
Madhya Pradesh,2018,8.26
Madhya Pradesh,2004,4.16
Karnataka,2013,6.71
Karnataka,2024,5.79
Odisha,2012,7.01
Rajasthan,2003,8.57
Gujarat,2006,4.32
Karnataka,2003,8.25
Assam,2004,8.71
West Bengal,2021,4.34
Telangana,2018,6.33
Assam,2003,6.34
Gujarat,2011,6.26
Rajasthan,2009,5.5
Rajasthan,2015,6.95
Telangana,2024,6.5
Rajasthan,2011,8.37
Bihar,2021,8.05
Telangana,2021,7.32
Jharkhand,2016,4.26
Uttar Pradesh,2000,5.59
Karnataka,2017,5.27
Rajasthan,2012,4.63
Haryana,2013,6.13
West Bengal,2015,4.9
West Bengal,2013,5.68
Maharashtra,2018,6.75
Gujarat,2019,5.37
Telangana,2016,7.49
Odisha,2022,5.77
Chhattisgarh,2021,5.52
Odisha,2018,7.43
Haryana,2012,7.87
Telangana,2011,8.32
Rajasthan,2001,8.58
Jharkhand,2003,5.79
Chhattisgarh,2006,6.03
Bihar,2002,8.81
Odisha,2000,7.06
Chhattisgarh,2016,5.6
Telangana,2004,7.04
Telangana,2009,6.05
Odisha,2014,4.63
Telangana,2022,6.05
Chhattisgarh,2018,6.78
Jharkhand,2001,4.35
Jharkhand,2011,7.93
Chhattisgarh,2007,7.53
Gujarat,2003,8.59
Rajasthan,2013,7.85
Chhattisgarh,2007,6.87
Bihar,2017,7.27
West Bengal,2018,5.66
Haryana,2007,8.68
Odisha,2015,6.51
Chhattisgarh,2007,7.98
Rajasthan,2003,8.16
Gujarat,2001,8.99
Rajasthan,2019,7.88
Haryana,2006,5.69
Assam,2014,4.2
Assam,2008,5.75
Maharashtra,2009,8.88
Jharkhand,2004,6.02
Haryana,2001,7.84
Karnataka,2005,8.39
Chhattisgarh,2017,4.55
Assam,2011,8.03
Uttar Pradesh,2003,6.09
Karnataka,2020,5.44
Haryana,2020,5.16
Jharkhand,2007,5.51
Uttar Pradesh,2006,6.75
Maharashtra,2003,7.59
Maharashtra,2001,5.46
Karnataka,2022,8.0
Maharashtra,2012,4.44
Karnataka,2020,7.95
Assam,2017,7.0
Rajasthan,2021,5.56
Maharashtra,2015,6.58
Rajasthan,2007,5.23
Haryana,2020,8.43
Chhattisgarh,2014,8.34
Uttar Pradesh,2012,4.13
Jharkhand,2020,5.09
Madhya Pradesh,2014,8.89
Haryana,2011,4.29
Madhya Pradesh,2007,4.67
West Bengal,2011,5.26
Tamil Nadu,2007,8.48
Haryana,2010,8.69
Uttar Pradesh,2016,7.53
Madhya Pradesh,2009,4.83
Karnataka,2017,8.35
Karnataka,2020,4.72
Rajasthan,2019,6.96
Karnataka,2003,6.28
Bihar,2008,4.31
Madhya Pradesh,2002,4.15
Chhattisgarh,2002,8.0
Uttar Pradesh,2008,7.62
Gujarat,2004,8.71
Maharashtra,2014,5.01
Rajasthan,2016,6.02
Haryana,2001,5.73
Jharkhand,2021,4.18
Madhya Pradesh,2000,5.66
Haryana,2001,4.64
Rajasthan,2011,8.68
Gujarat,2017,8.23
Bihar,2012,5.13
Haryana,2010,8.42
Jharkhand,2009,5.88
Telangana,2023,5.96
Chhattisgarh,2017,4.84
Rajasthan,2003,5.65
Madhya Pradesh,2004,5.61
Karnataka,2001,4.81
Madhya Pradesh,2015,5.52
Jharkhand,2004,5.13
Madhya Pradesh,2019,4.82
Bihar,2013,8.36
Telangana,2017,6.74
Telangana,2002,8.42
Gujarat,2009,6.67
Madhya Pradesh,2011,5.45
Karnataka,2019,8.25
Uttar Pradesh,2005,4.72
Madhya Pradesh,2020,5.77
Jharkhand,2012,7.03
Madhya Pradesh,2021,8.96
Tamil Nadu,2016,8.26
Chhattisgarh,2023,5.33
Assam,2011,4.6
Karnataka,2020,7.02
Karnataka,2023,5.64
West Bengal,2002,4.38
Assam,2002,6.44
Odisha,2003,5.96
Tamil Nadu,2005,8.31
Jharkhand,2021,7.46
Tamil Nadu,2015,7.14
Uttar Pradesh,2011,6.1
Maharashtra,2014,5.28
Telangana,2016,6.09
Jharkhand,2009,6.35
Madhya Pradesh,2001,4.9
Jharkhand,2011,6.32
Gujarat,2014,5.64
Karnataka,2002,5.48
Chhattisgarh,2022,6.79
Chhattisgarh,2020,7.4
Tamil Nadu,2018,8.52
Maharashtra,2012,5.35
Jharkhand,2018,4.35
Gujarat,2019,6.52
Madhya Pradesh,2005,6.12
Uttar Pradesh,2009,8.96
West Bengal,2019,7.19
Bihar,2004,7.84
Telangana,2006,5.05
Madhya Pradesh,2001,5.17
Uttar Pradesh,2018,7.99
Bihar,2001,7.63
Haryana,2004,5.88
Assam,2012,4.94
Karnataka,2002,5.61
Assam,2011,6.23
Gujarat,2023,8.98
Gujarat,2013,4.63
Maharashtra,2011,4.97
Jharkhand,2016,8.05
West Bengal,2000,7.87
West Bengal,2015,4.64
Telangana,2008,8.85
Madhya Pradesh,2012,7.05
Bihar,2009,4.69
Maharashtra,2016,4.47
Telangana,2023,5.24
Tamil Nadu,2023,8.29
Assam,2012,4.22
Maharashtra,2018,7.27
West Bengal,2019,5.33
Tamil Nadu,2007,5.94
Haryana,2019,5.64
Tamil Nadu,2003,7.46
Maharashtra,2017,5.42
Chhattisgarh,2005,6.46
Gujarat,2010,6.3
Telangana,2017,7.43
Uttar Pradesh,2008,4.67
Assam,2015,8.54
Bihar,2002,4.07
Madhya Pradesh,2010,4.87
Assam,2021,8.94
Madhya Pradesh,2015,5.95
Maharashtra,2008,5.98
Maharashtra,2003,5.32
Rajasthan,2001,8.74
Rajasthan,2005,6.8
Tamil Nadu,2005,8.68
Haryana,2016,4.06
Assam,2007,6.04
Karnataka,2014,8.1
West Bengal,2002,4.28
Tamil Nadu,2005,7.45
Assam,2002,7.79
